{
  "timestamp": "2026-03-27T13:31:22.364141",
  "hardware": "Apple M4 Pro",
  "config": {
    "num_blocks": 22,
    "input_shape": [
      1,
      64,
      2048
    ],
    "warmup": 10,
    "benchmark_runs": 50
  },
  "results": {
    "dense_2bit": {
      "label": "Dense Ternary 2-bit (ANE)",
      "latency_mean_ms": 7.232757439778652,
      "latency_median_ms": 7.210916497569997,
      "latency_min_ms": 7.14762500138022,
      "latency_stdev_ms": 0.07877043482859222
    },
    "sparse_mlp20_attn10": {
      "label": "Sparse 20% MLP / 10% attn (ANE)",
      "latency_mean_ms": 6.286444919824135,
      "latency_median_ms": 6.281645495619159,
      "latency_min_ms": 6.193208013428375,
      "latency_stdev_ms": 0.039075463805204144,
      "params": 798302208,
      "param_reduction": 0.1760602678571429,
      "model_size_mb": 184.92283248901367,
      "mlp_prune": 0.2,
      "attn_prune": 0.1
    },
    "sparse_mlp30_attn20": {
      "label": "Sparse 30% MLP / 20% attn (ANE)",
      "latency_mean_ms": 5.327842539700214,
      "latency_median_ms": 5.331624997779727,
      "latency_min_ms": 5.241042003035545,
      "latency_stdev_ms": 0.04918140779756329,
      "params": 703729664,
      "param_reduction": 0.27367001488095233,
      "model_size_mb": 162.37357711791992,
      "mlp_prune": 0.3,
      "attn_prune": 0.2
    },
    "sparse_mlp40_attn30": {
      "label": "Sparse 40% MLP / 30% attn (ANE)",
      "latency_mean_ms": 4.681088340294082,
      "latency_median_ms": 4.681979000451975,
      "latency_min_ms": 4.598792002070695,
      "latency_stdev_ms": 0.04352856841941914,
      "params": 609157120,
      "param_reduction": 0.37127976190476186,
      "model_size_mb": 139.82419967651367,
      "mlp_prune": 0.4,
      "attn_prune": 0.3
    },
    "sparse_mlp50_attn40": {
      "label": "Sparse 50% MLP / 40% attn (ANE)",
      "latency_mean_ms": 4.023673358606175,
      "latency_median_ms": 4.020979002234526,
      "latency_min_ms": 3.9612910040887073,
      "latency_stdev_ms": 0.034286612859583454,
      "params": 514449408,
      "param_reduction": 0.4690290178571429,
      "model_size_mb": 117.24265670776367,
      "mlp_prune": 0.5,
      "attn_prune": 0.4
    }
  }
}