{
  "benchmark": "TinyLlama Binary vs Ternary",
  "timestamp": "2026-03-25T06:25:10.440250+00:00",
  "hardware": {
    "chip": "Apple M4 Pro",
    "memory_gb": 64.0,
    "os_version": "macOS 26.4",
    "device": "mps"
  },
  "config": {
    "model": "TinyLlama/TinyLlama-1.1B-Chat-v1.0",
    "gen_tokens": 128,
    "warmup_runs": 3,
    "benchmark_runs": 20,
    "prompt": "Explain the advantage of ternary neural networks on edge devices in three sentences."
  },
  "fp16_baseline": {
    "label": "FP16-baseline",
    "model": "TinyLlama/TinyLlama-1.1B-Chat-v1.0",
    "gen_tokens": 128,
    "input_tokens": 18,
    "runs": 20,
    "latency_mean_s": 0.029263479049950546,
    "latency_median_s": 0.028380916499372688,
    "latency_stdev_s": 0.0038787503820880303,
    "latency_min_s": 0.02458320799996727,
    "latency_max_s": 0.037856332999581355,
    "throughput_mean_tok_s": 4443.786773923119,
    "throughput_median_tok_s": 4510.285555743738,
    "throughput_stdev_tok_s": 558.0606329863983,
    "process_rss_mb": 1629.8125,
    "gpu_allocated_mb": 2098.177001953125,
    "sample_output": "",
    "model_size_mb": 2098.176025390625
  },
  "ternary": {
    "label": "Ternary",
    "model": "TinyLlama/TinyLlama-1.1B-Chat-v1.0",
    "gen_tokens": 128,
    "input_tokens": 18,
    "runs": 20,
    "latency_mean_s": 2.289025676999972,
    "latency_median_s": 2.2803324579999753,
    "latency_stdev_s": 0.09885235561867317,
    "latency_min_s": 2.0709007080004085,
    "latency_max_s": 2.4340497920002235,
    "throughput_mean_tok_s": 56.01982084799079,
    "throughput_median_tok_s": 56.132770180271066,
    "throughput_stdev_tok_s": 2.4603625745566644,
    "process_rss_mb": 1149.3125,
    "gpu_allocated_mb": 4069.13525390625,
    "sample_output": "\u0444\u0435\u0432 \u0444\u0435\u0432 \u0444\u0435\u0432 \u0444\u0435\u0432 \u0444\u0435\u0432 \u0444\u0435\u0432 \u0444\u0435\u0432 \u0444\u0435\u0432 \u0444\u0435\u0432 \u0444\u0435\u0432 \u0444\u0435\u0432 \u0444\u0435\u0432 \u0444\u0435\u0432 \u0444\u0435\u0432 \u0444\u0435\u0432 \u0444\u0435\u0432 \u0444\u0435\u0432 \u0444\u0435\u0432 \u0444\u0435\u0432 \u0444\u0435\u0432 \u0444\u0435\u0432 \u0444\u0435\u0432 \u0444\u0435\u0432 \u0444\u0435\u0432 \u0444\u0435\u0432 \u0444\u0435\u0432 \u0444\u0435\u0432 \u0444\u0435\u0432 \u0444\u0435\u0432 \u0444\u0435\u0432 \u0444\u0435\u0432 \u0444\u0435\u0432 \u0444\u0435\u0432 \u0444\u0435\u0432 \u0444\u0435\u0432 \u0444\u0435\u0432 \u0444\u0435\u0432 \u0444\u0435\u0432 \u0444\u0435\u0432 \u0444\u0435\u0432 \u0444\u0435\u0432 \u0444\u0435\u0432 \u0444\u0435\u0432 \u0444\u0435\u0432 \u0444\u0435\u0432 \u0444\u0435\u0432 \u0444\u0435\u0432 \u0444\u0435\u0432 \u0444\u0435\u0432 \u0444\u0435\u0432 \u0444\u0435\u0432 \u0444\u0435\u0432 \u0444\u0435\u0432 \u0444\u0435\u0432 \u0444\u0435\u0432 \u0444\u0435\u0432 \u0444\u0435\u0432 \u0444\u0435\u0432 \u0444\u0435\u0432 \u0444\u0435\u0432 \u0444\u0435\u0432 \u0444\u0435\u0432 \u0444\u0435\u0432 \u0444\u0435\u0432 \u0444\u0435\u0432 \u0444\u0435\u0432 \u0444\u0435\u0432 \u0444\u0435\u0432 \u0444\u0435\u0432 \u0444\u0435\u0432 \u0444\u0435\u0432 \u0444\u0435\u0432 \u0444\u0435\u0432 \u0444\u0435\u0432 \u0444\u0435\u0432 ",
    "model_size_mb": 3086.302001953125,
    "quantization": {
      "total_params": 1034420224,
      "quantized_params": 1034420224,
      "avg_sparsity": 0.43145109426436895,
      "n_linear_layers": 155,
      "bits_per_weight_effective": 2.0
    }
  },
  "comparison": {
    "speedup_x": 0.013,
    "memory_reduction_pct": 29.5,
    "model_size_reduction_pct": -47.1,
    "fp16_tok_s": 4443.8,
    "ternary_tok_s": 56.0
  }
}